abbie,abigail
abe,abraham,abel
adie,aidan
aggie,agatha,agnes
al,albert,bert,bertie
alec,alexander,alexandra,alexis,alexie,alick,lex
alejo,alejandro
alf,alfred,alfredo,alfie
alison,alice,allie
andy,andrew,andrea,andie,drew
angie,angela,angelia
annie,anne,annette
babette,barbara,elizabeth,babs,barbara
barney,barnaby,bernard,barnie
bart,bartholomew,barton
becky,rebecca
bella,isabella
belle,isabelle
ben,benjamin,benny
bessie,elizabeth,beth,betsy,betty
bill,william,billie,billy
bob,robert,bobbie,bobby,rob
brad,bradley
cal,calvin
carrie,caroline,carolyn
casey,cassandra
cathy,catherine,kathy,katherine,kate
celine,marceline
chris,christopher,christian
christie,christy,christine
cindy,cynthia,lucinda
cissy,cecilia,priscilla
clint,clinton
connie,constance
costin,constantine
daisy,margaret
dan,daniel,danny
dave,david
debbie,deborah,deb
della,adelaide
derek,theodoric
dick,richard,rick,ric,rich
dodie,dorothy
dola,dolores
dolly,dorothy
don,donald,donnie
dora,theodora,dorothy
doug,douglas
ed,edward,edwin,edmund,eddie
eda,edith
effie,euphemia,faith
ellie,ellen,helen,eleanor,ella
essie,esther
fannie,frances,fanny
flossie,florence
francine,frances,françoise
frankie,francis,frances
fred,frederick,alfred
freddie,frederick,alfred
gab,gabriel,gabriella,gabby,gabbie
gail,abigail,gayle
gatty,gertrude
gene,eugene,genevieve
gia,gianna
ginette,georgine,regine,virginie,genevieve
ginger,virginia
greg,gregory,gregg
greta,margaret,gretchen
gussie,gus,augusta,gustava
gwen,guinevere,gwendolyn
hank,henry
harry,henry
hattie,harriet
heidi,adelheid,adelaide
ibby,isabel
isa,isabel
iva,ivana
jack,john
jackie,jacqueline
jacquetta,jacqueline
jacqui,jacqueline,jacques
jake,jacob
jamie,james
jan,jane
janet,jane
janie,jane
jay,james
jeanette,jeanne
jeannette,jeanne
jeannie,jean,jeanne
jeff,jeffrey,geoffrey,jeffery
jenna,jennifer,jane
jennie,jennifer,jane
jenny,jennifer,jane
jerry,jerome,gerald,gerard,jeremy
jessie,jessica,jane
jill,jillian,julian
jim,james
jimmie,james
jimmy,james
jo,josephine
jody,judith,josephine
joe,joseph
joey,joseph
johnnie,john
johnny,john
jon,jonathan,jonathon,johnathan,jonathan
josh,joshua
juanita,juana
judy,judith
juliet,julie
kari,katherine
kate,katherine
kathy,katherine
katie,katherine
kay,katherine
ken,kenneth
kenny,kenneth
kim,kimberly,kimberley,kimball,joachim
kitty,katherine
krista,kristina
kristi,kristina
kristie,kristina
kristy,kristina
kurt,conrad
lana,alana
lance,lancelot
larry,laurence
laurie,laurence,laura
lena,helena,magdalena
liam,william
lillie,lillian
linda,melinda,belinda
lisa,elisabeth,elisa,elizabeth,eliza,elsa,elsie
lola,dolores
lonnie,alonso
loretta,laura
lula,lucy,louisa
lynette,lynn
lynnette,lynn
mab,mabel,amabel
maddie,madeline
madge,margaret
magda,magdalene
maggie,margaret
maidie,margaret
maisie,margaret
mamie,mary
mandy,amanda
marge,margaret
margie,margaret
marietta,maria,marie
marlon,marcelon,marcel,marcus
marty,martin,martie
matt,matthew,mattie
max,maxwell,maximilian
mel,melanie,melissa
mia,maria
mike,michael
mindy,melinda
minnie,mary,wilhelmina,minna,minerva
mollie,mary
molly,mary
nancy,anne
nellie,helen,ellen
nessie,agnes,vanessa
nettie,janet,antoinette
nicholas,nic,nick,nicky
nicole,nickie,nikky
nina,antonia
nonie,nora,eleanor,honora
ollie,oliver
olive,olivia
paddy,patrick
pam,pamela
patti,patty,patsy,patricia
paulette,paula
peggy,margaret
penny,penelope
perry,peregrin
phil,philip,philibert
pippa,philippa
polly,mary
randy,randall,randolph
ray,raymond
rick,richard
rickey,richard
ricky,richard
rita,margarita
robin,robert
robyn,roberta
ron,ronald
ronnie,ronald
rosetta,rosa
rosie,rose
rudy,rudolf
sacha,aleksandr
sandra,alexandra
sandy,alexander,alexandra
sheri,cherie
sherri,cherie
sherry,cherie
sissy,cecilia,priscilla
sonia,sonja,sonya
sophia,sophie
steve,steven,stephen
sue,susan
susie,susan
tammy,tamara
tanya,tatiana
tasha,natasha
ted,theodore,edward
terri,theresa,teresa
terry,terence
tim,timothy
timmy,timothy
tina,christina
tom,thomas
tommie,thomas
tommy,thomas
toni,antonia
tonya,antonia
tottie,charlotte
tricia,patricia
trixie,beatrice
tyler,ty
val,valentine,valerie
vicki,victoria
vickie,victoria
vicky,victoria
will,william,willard
xander,alexander
roj,roger
